{
  "model_name": "SVM",
  "best_params": {
    "svc__C": 100.0,
    "svc__class_weight": null,
    "svc__gamma": 0.1,
    "svc__kernel": "rbf"
  },
  "best_cv_f1": 0.9355359669241485,
  "test_metrics": {
    "accuracy": 0.9586614173228346,
    "precision": 0.9562665343915344,
    "recall": 0.9608201248095629,
    "f1": 0.9583165000866694
  }
}